{"accuracy": 0.48333333333333334, "f1_score": 0.5373134328358209}