{"accuracy": 0.5666666666666667, "f1_score": 0.6388888888888888}